;nawba;nawba-euclidean (L2)
1630e9c2-3c01-4959-a633-7dbacbc7616e;1.0;1
689a2401-00b8-44f5-8107-76bfe75a36fe;2.0;2
9781e524-92de-43f2-87e3-1e9f05931f0e;3.0;3
4ddff7dd-8916-4dc4-abdd-56ce12ea88ca;4.0;4
c1e0311e-ee21-470c-b6f9-815d892cf6c9;5.0;5
0d0f31a6-dbf6-4aee-868e-76a6be2ffab3;6.0;6
a451a7fc-c53f-462a-b3fc-4377bb588105;7.0;13
ee64a602-ace5-4e1a-96ef-89a7cf41cfb5;10.0;10
d5cc773e-9d31-42e8-b9de-91374fe7153b;11.0;11
4a90d304-5deb-4af9-83d6-15931c289b73;12.0;12
719a2afc-461f-461e-ad18-8bce2c4f5023;13.0;13
