;nawba;nawba-euclidean (L2)
c20e4852-d140-4909-acab-e850c0e7d8e8;1.0;1
aecf65c2-ef6a-4e7a-a123-24fbe757684e;2.0;2
73c4fd81-7464-4771-bd90-e3038dd633ef;3.0;3
224bfb11-f761-4976-bc71-42d9805e5d63;4.0;5
bb7adfee-f63d-4004-a457-b31ae784a0bd;5.0;5
b3059282-a235-4fa4-9093-cb16a70d4b5d;6.0;12
f7bcb9af-6abb-4192-ae3d-37fa811034ce;7.0;7
b787f4e2-dce1-4bfe-89b3-193cbaa5c90d;10.0;10
47e023e5-62a3-4dec-b61a-128ca5e23982;11.0;4
52152ffb-5447-45dc-a332-2fdda533380e;12.0;13
3fb6107c-13be-4006-851a-a857ed2f80bb;13.0;13
