;nawba;nawba-euclidean (L2)
e22549ae-4a0c-43ef-87f4-e0f81ed49d58;1.0;1
ec5d2ba0-7c04-4d87-83b9-f82d363ca319;2.0;2
e4e3fc3c-8d57-4123-b14c-236110dde3c0;3.0;5
bc9625f1-cee7-432f-9f8d-dc9881a47dc2;4.0;4
3b8d2e45-3bfd-4596-bcc0-addc64551eda;5.0;5
eefa9d7d-6172-4c90-ba0c-ef9a41faa95d;6.0;6
f7c00e6e-7b07-47ba-bfdd-146ddbf9adb5;7.0;7
78593333-603a-4abe-9c9b-6c4db3abc61e;10.0;1
69ac4f1a-eca5-42eb-9f9c-a1c2316cb040;11.0;11
761e7fe4-871a-4f3e-8128-1cd1885d5288;12.0;12
e0ce0420-165c-4339-8556-6d75a0b733c7;13.0;7
